,All_specialties:_Non-Elective,All_specialties:_Ordinary_Elective,SUM_Non_Elective_and_Ordinary_Elective,All_specialties:_Daycase_Elective,Total_HC,Total_FTE,label_without_sum,label_with_sum
count,166.0,166.0,166.0,166.0,166.0,166.0,166.0,166.0
mean,3775.602409638554,540.1506024096385,4315.753012048192,3328.5542168674697,7193.439759036145,6386.144175301205,1.6144578313253013,1.5963855421686748
std,2916.8394474458096,520.6634534196804,3290.3062221618425,2694.354426542766,4606.9755916880695,4167.104096081839,1.2964410519731813,1.185666495408873
min,0.0,0.0,0.0,0.0,1104.0,935.19925,0.0,0.0
25%,518.75,207.5,941.25,1247.5,4225.5,3637.8843775,0.0,1.0
50%,3840.0,402.5,4290.0,2850.0,6213.0,5427.381310000001,2.0,1.0
75%,5796.25,793.75,6610.0,4913.75,9094.0,7954.344985000001,3.0,3.0
max,14695.0,2985.0,16605.0,11545.0,28528.0,25871.93851,3.0,3.0
